{
   "nodes": {
      "0": {
         "coords": [
            0.0,
            0.0,
            -1.0
         ]
      },
      "1": {
         "coords": [
            -0.11933787468737585,
            0.5010634631601866,
            -0.8571428571428572
         ]
      },
      "2": {
         "coords": [
            -0.6998269502619585,
            0.006177220604218387,
            -0.7142857142857143
         ]
      },
      "3": {
         "coords": [
            -0.3547124494981328,
            -0.7400327465228391,
            -0.5714285714285714
         ]
      },
      "4": {
         "coords": [
            0.49651753157118034,
            -0.7548489063744525,
            -0.4285714285714286
         ]
      },
      "5": {
         "coords": [
            0.9581413431065672,
            -0.018234954585059297,
            -0.2857142857142857
         ]
      },
      "6": {
         "coords": [
            0.5995125406555359,
            0.787512888993849,
            -0.1428571428571429
         ]
      },
      "7": {
         "coords": [
            -0.2752396124601054,
            0.9613756579676911,
            0.0
         ]
      },
      "8": {
         "coords": [
            -0.9287809322292632,
            0.34199095991273604,
            0.1428571428571428
         ]
      },
      "9": {
         "coords": [
            -0.7815413239140175,
            -0.5545813790179943,
            0.2857142857142858
         ]
      },
      "10": {
         "coords": [
            0.06781578340952941,
            -0.9009592388853098,
            0.4285714285714286
         ]
      },
      "11": {
         "coords": [
            0.7671713052227499,
            -0.29140620480340584,
            0.5714285714285714
         ]
      },
      "12": {
         "coords": [
            0.398425355495105,
            0.5753721877758311,
            0.7142857142857142
         ]
      },
      "13": {
         "coords": [
            -0.4798788237513371,
            0.1871428250401618,
            0.8571428571428572
         ]
      },
      "14": {
         "coords": [
            -0.0,
            0.0,
            1.0
         ]
      }
   },
   "edges": {
      "0": {
         "start": [
            0.0,
            0.0,
            -1.0
         ],
         "end": [
            -0.11933787468737585,
            0.5010634631601866,
            -0.8571428571428572
         ]
      },
      "1": {
         "start": [
            0.0,
            0.0,
            -1.0
         ],
         "end": [
            -0.6998269502619585,
            0.006177220604218387,
            -0.7142857142857143
         ]
      },
      "2": {
         "start": [
            0.0,
            0.0,
            -1.0
         ],
         "end": [
            -0.3547124494981328,
            -0.7400327465228391,
            -0.5714285714285714
         ]
      },
      "3": {
         "start": [
            -0.11933787468737585,
            0.5010634631601866,
            -0.8571428571428572
         ],
         "end": [
            -0.6998269502619585,
            0.006177220604218387,
            -0.7142857142857143
         ]
      },
      "4": {
         "start": [
            -0.11933787468737585,
            0.5010634631601866,
            -0.8571428571428572
         ],
         "end": [
            0.49651753157118034,
            -0.7548489063744525,
            -0.4285714285714286
         ]
      },
      "5": {
         "start": [
            -0.6998269502619585,
            0.006177220604218387,
            -0.7142857142857143
         ],
         "end": [
            0.9581413431065672,
            -0.018234954585059297,
            -0.2857142857142857
         ]
      },
      "6": {
         "start": [
            -0.3547124494981328,
            -0.7400327465228391,
            -0.5714285714285714
         ],
         "end": [
            0.5995125406555359,
            0.787512888993849,
            -0.1428571428571429
         ]
      },
      "7": {
         "start": [
            0.49651753157118034,
            -0.7548489063744525,
            -0.4285714285714286
         ],
         "end": [
            -0.2752396124601054,
            0.9613756579676911,
            0.0
         ]
      },
      "8": {
         "start": [
            0.9581413431065672,
            -0.018234954585059297,
            -0.2857142857142857
         ],
         "end": [
            -0.9287809322292632,
            0.34199095991273604,
            0.1428571428571428
         ]
      },
      "9": {
         "start": [
            0.5995125406555359,
            0.787512888993849,
            -0.1428571428571429
         ],
         "end": [
            -0.7815413239140175,
            -0.5545813790179943,
            0.2857142857142858
         ]
      },
      "10": {
         "start": [
            -0.2752396124601054,
            0.9613756579676911,
            0.0
         ],
         "end": [
            0.06781578340952941,
            -0.9009592388853098,
            0.4285714285714286
         ]
      },
      "11": {
         "start": [
            -0.9287809322292632,
            0.34199095991273604,
            0.1428571428571428
         ],
         "end": [
            0.7671713052227499,
            -0.29140620480340584,
            0.5714285714285714
         ]
      },
      "12": {
         "start": [
            -0.7815413239140175,
            -0.5545813790179943,
            0.2857142857142858
         ],
         "end": [
            0.398425355495105,
            0.5753721877758311,
            0.7142857142857142
         ]
      },
      "13": {
         "start": [
            0.06781578340952941,
            -0.9009592388853098,
            0.4285714285714286
         ],
         "end": [
            -0.4798788237513371,
            0.1871428250401618,
            0.8571428571428572
         ]
      },
      "14": {
         "start": [
            0.7671713052227499,
            -0.29140620480340584,
            0.5714285714285714
         ],
         "end": [
            -0.0,
            0.0,
            1.0
         ]
      },
      "15": {
         "start": [
            0.398425355495105,
            0.5753721877758311,
            0.7142857142857142
         ],
         "end": [
            -0.4798788237513371,
            0.1871428250401618,
            0.8571428571428572
         ]
      },
      "16": {
         "start": [
            -0.4798788237513371,
            0.1871428250401618,
            0.8571428571428572
         ],
         "end": [
            -0.0,
            0.0,
            1.0
         ]
      },
      "17": {
         "start": [
            -0.3547124494981328,
            -0.7400327465228391,
            -0.5714285714285714
         ],
         "end": [
            -0.2752396124601054,
            0.9613756579676911,
            0.0
         ]
      },
      "18": {
         "start": [
            0.9581413431065672,
            -0.018234954585059297,
            -0.2857142857142857
         ],
         "end": [
            0.06781578340952941,
            -0.9009592388853098,
            0.4285714285714286
         ]
      },
      "19": {
         "start": [
            -0.9287809322292632,
            0.34199095991273604,
            0.1428571428571428
         ],
         "end": [
            0.398425355495105,
            0.5753721877758311,
            0.7142857142857142
         ]
      }
   }
}